1,Trupebistor Direct ,Marc Arias,Technical,Washington,0
2,Trudimackentor WorldWide ,Dylan Preston,Service,Dallas,1
3,Cipvenimin International ,Maureen Cherry,Service,Columbus,2
4,Rezapan  ,Kathryn Atkins,Technical,Dayton,3
5,Rebanazz International ,Bobbie Everett,Accounting,Santa Ana,4
6,Tuprobamicator International Inc,Shawn Cross,Service,Mobile,5
7,Grotanentor Holdings ,Meghan Bartlett,Service,Jersey,6
8,Monquestilin Holdings ,Kelley Mays,Accessory Customer,Baltimore,7
9,Trupickefazz Direct ,Randall Yu,Technical,Pittsburgh,8
12,Tipquestor Holdings ,Margaret Bray,Technical,Milwaukee,11
13,Adhupex  ,Alice Wilkerson,Prepaid Customer,Colorado,12
15,Tupsipex WorldWide Inc,Elias Calhoun,Technical,Oakland,14
16,Zeesapplazz Holdings Inc,Dina Warren,Prepaid Customer,Tulsa,15
18,Raphupor  Company,Rochelle Cowan,Prepaid Customer,Toledo,17
19,Endjubommicator Holdings Group,Deana Craig,Service,Columbus,11
25,Tipjubewistor  Corp.,Sidney Stokes,Accounting,Detroit,23
29,Endmunin Holdings Group,Stephan Underwood,Web,Garland,27
33,Dopdudazz WorldWide Inc,Jessie Vaughan,Service,Grand Rapids,12
34,Updimanentor  ,Keri Mayer,Accounting,Dallas,31
36,Rapcadicator Holdings Corp.,Kisha Gaines,Service,Chicago,33
37,Parwerentor  ,Annie Roman,Technical,Seattle,34
39,Monnipistor  ,Ruth Cummings,Prepaid Customer,Tacoma,17
43,Tipzapan Direct ,Sally Haley,Web,Fresno,39
47,Moncadex Direct Group,Colleen Le,Service,Wichita,2
52,Adfropackar International ,Toni Herman,Accounting,Norfolk,43
53,Rebanower  ,Bobby Mays,Prepaid Customer,Pittsburgh,44
54,Grobanin Direct Group,Gilberto Mills,Technical,Tacoma,45
55,Inglibex  Corp.,Terrell Pierce,Sales,Garland,46
56,Cipdimin WorldWide Company,Ramon Costa,Prepaid Customer,Columbus,47
58,Suptumover International ,Travis Arroyo,Web,Greensboro,48
59,Parpickan WorldWide ,Oliver Estes,Accounting,Grand Rapids,11
60,Vareran Direct ,Judith Bonilla,Web,Seattle,49
61,Emmunower International Inc,Karen Lucas,Corporate Sales,Phoenix,46
64,Hapkilazz WorldWide Company,Donnell Kent,Prepaid Customer,Yonkers,151
68,Adtumommor  ,Charlie Hayes,Service,Miami,6
69,Rapquestanor  ,Bart Robertson,Technical,Greensboro,53
70,Intumilantor International ,Alyssa Garner,Service,Virginia Beach,54
71,Untumor  ,Kurt Vaughn,National Customer,Cleveland,55
72,Tupsapepan Holdings ,Karin Rose,Service,Fresno,56
74,Monnipexentor Direct ,Bryan Frey,Technical,Bakersfield,58
76,Supnipopex WorldWide ,Ashley Yu,Accounting,Virginia Beach,60
81,Lomkilar Direct Inc,Chrystal Terry,Accounting,Des Moines,46
86,Adnipinicator Holdings ,Julia Pace,Technical,Mobile,0
88,Partuminex Holdings Corp.,Edgar Thomas,Sales,Greensboro,69
89,Rebanupicator WorldWide ,Harvey Banks,Accounting,Memphis,70
94,Surquesticator International ,Luke Greer,Service,Baton Rouge,14
97,Qwiwerentor WorldWide ,Lester Poole,Service,Des Moines,2
107,Winbanentor WorldWide Inc,Samantha Collier,Accounting,Dallas,43
112,Barsapamistor WorldWide ,Felix Mercer,Accounting,Bakersfield,85
116,Klimunackar WorldWide Corp.,Daniel Huerta,Prepaid Customer,New York,88
118,Frozapommin Holdings Corp.,Traci Snyder,Service,Bakersfield,39
120,Fromunaquin  ,Aimee Becker,Service,Fort Wayne,33
121,Growerpedgover Direct Company,Hannah Bryan,Accounting,Fort Worth,56
123,Tupkilegazz  ,Lonnie Carson,Web,Fort Worth,44
126,Enddimamantor Direct ,Shaun Russell,Corporate Marketing,Garland,60
129,Barericator  ,Cari Conley,Business Marketing,San Antonio,70
130,Frosapentor Holdings ,Jeffery Sandoval,Web,Tucson,90
134,Thruhuponazz Holdings ,Janice Pittman,Web,Denver,34
140,Endcadadicator Holdings ,Rhonda Bailey,Prepaid Customer,Aurora,54
149,Inbanazz  ,Christine Aguirre,Business Customer,Long Beach,27
150,Varkilicator WorldWide ,Bobbi Yates,Service,Montgomery,105
156,Barwerpistor Direct Corp.,Luz Evans,International Sales,Fremont,108
158,Inkilamover WorldWide Corp.,Tracy Avery,Service,Portland,39
159,Redudopentor Direct Group,Neil Baker,Marketing,Honolulu,45
161,Klivenamax Holdings ,Sonia Cantu,Technical,Lubbock,43
162,Unpebistor Direct ,Freddie Vincent,Web,Nashville,23
166,Qwiwerplistor  ,Johnnie Shields,Prepaid Customer,Fremont,113
167,Winsapower WorldWide Company,Erick Hubbard,Prepaid Customer,Los Angeles,114
168,Lomwerentor Holdings Group,Leon Mcintosh,Marketing,Buffalo,115
172,Supnipentor Direct ,Kerri Burns,Prepaid Customer,Houston,117
177,Hapcadower International ,Lakeisha Vincent,Technical,Aurora,120
182,Supcadax Direct ,Elisa Kaiser,Service,Jersey,123
185,Emglibamex Direct Corp.,Myra Whitaker,Technical,Indianapolis,88
187,Haptumazz International Corp.,Damon Gibson,Web,Omaha,125
188,Frojubistor  ,Shelby Weaver,Web,Miami,1
193,Zeenipamicator  ,Marcy Waters,International Sales,Mobile,23
194,Endpickedistor Direct Company,Rosemary Khan,Prepaid Customer,St. Louis,6
197,Klidimackex International ,Eric Sosa,Technical,Denver,88
201,Groquestantor Direct ,Ginger Mccoy,Web,Corpus Christi,1
202,Parerimicator International ,Annette Morrow,Prepaid Customer,Philadelphia,48